detector,dataset,test_samples,num_classes,accuracy,precision_macro,precision_weighted,recall_macro,recall_weighted,f1_macro,f1_weighted,execution_time,avg_time_per_sample,memory_delta_mb
ml_classifier,scancode,403,96,0.794044665012407,0.6854327203891158,0.7669554362237149,0.7105645983971739,0.794044665012407,0.6893662235434332,0.7743247803361843,0.8058450222015381,0.00199961543970605,0.265625
scancode_api,scancode,403,96,0.0,0.0,0.0,0.0,0.0,0.0,0.0,0.0012598037719726562,3.126063950304358e-06,0.0
naive_bayes,scancode,403,96,0.652605459057072,0.5438511567730527,0.6243710069845575,0.5478139252815293,0.652605459057072,0.5264257238987627,0.6140430836923031,0.16208291053771973,0.0004021908450067487,0.0
tfidf_similarity,scancode,403,96,0.24813895781637718,0.29696525672753543,0.29609131239185243,0.40102242577970737,0.24813895781637718,0.29814250171804885,0.216732376340697,0.8152775764465332,0.0020230212815050452,0.17578125
keyword_matching,scancode,403,96,0.20843672456575682,0.07411111797709737,0.23780733465596987,0.07375556705453613,0.20843672456575682,0.05469386885575048,0.17779656489274853,0.20949316024780273,0.0005198341445354906,0.0
